[
  {"model": "inventario.unidadmedida", "pk": 1, "fields": {"nombre": "Unidad", "abreviatura": "und", "activo": true, "created": "2026-01-01T00:00:00Z", "modified": "2026-01-01T00:00:00Z"}},
  {"model": "inventario.unidadmedida", "pk": 2, "fields": {"nombre": "Kilogramo", "abreviatura": "kg", "activo": true, "created": "2026-01-01T00:00:00Z", "modified": "2026-01-01T00:00:00Z"}},
  {"model": "inventario.unidadmedida", "pk": 3, "fields": {"nombre": "Litro", "abreviatura": "lt", "activo": true, "created": "2026-01-01T00:00:00Z", "modified": "2026-01-01T00:00:00Z"}},
  {"model": "inventario.unidadmedida", "pk": 4, "fields": {"nombre": "Caja", "abreviatura": "cja", "activo": true, "created": "2026-01-01T00:00:00Z", "modified": "2026-01-01T00:00:00Z"}},
  {"model": "inventario.unidadmedida", "pk": 5, "fields": {"nombre": "Paquete", "abreviatura": "paq", "activo": true, "created": "2026-01-01T00:00:00Z", "modified": "2026-01-01T00:00:00Z"}},
  {"model": "inventario.unidadmedida", "pk": 6, "fields": {"nombre": "Docena", "abreviatura": "doc", "activo": true, "created": "2026-01-01T00:00:00Z", "modified": "2026-01-01T00:00:00Z"}},
  {"model": "inventario.unidadmedida", "pk": 7, "fields": {"nombre": "Metro", "abreviatura": "mt", "activo": true, "created": "2026-01-01T00:00:00Z", "modified": "2026-01-01T00:00:00Z"}},
  {"model": "inventario.unidadmedida", "pk": 8, "fields": {"nombre": "Gramo", "abreviatura": "gr", "activo": true, "created": "2026-01-01T00:00:00Z", "modified": "2026-01-01T00:00:00Z"}},

  {"model": "inventario.categoria", "pk": 1, "fields": {"nombre": "Abarrotes", "descripcion": "Productos de primera necesidad", "activo": true, "created": "2026-01-01T00:00:00Z", "modified": "2026-01-01T00:00:00Z"}},
  {"model": "inventario.categoria", "pk": 2, "fields": {"nombre": "Bebidas", "descripcion": "Bebidas gaseosas, jugos y agua", "activo": true, "created": "2026-01-01T00:00:00Z", "modified": "2026-01-01T00:00:00Z"}},
  {"model": "inventario.categoria", "pk": 3, "fields": {"nombre": "Lácteos", "descripcion": "Leche, yogurt, queso y derivados", "activo": true, "created": "2026-01-01T00:00:00Z", "modified": "2026-01-01T00:00:00Z"}},
  {"model": "inventario.categoria", "pk": 4, "fields": {"nombre": "Limpieza", "descripcion": "Productos de limpieza del hogar", "activo": true, "created": "2026-01-01T00:00:00Z", "modified": "2026-01-01T00:00:00Z"}},
  {"model": "inventario.categoria", "pk": 5, "fields": {"nombre": "Higiene Personal", "descripcion": "Cuidado e higiene personal", "activo": true, "created": "2026-01-01T00:00:00Z", "modified": "2026-01-01T00:00:00Z"}},
  {"model": "inventario.categoria", "pk": 6, "fields": {"nombre": "Ferretería", "descripcion": "Herramientas y materiales de construcción", "activo": true, "created": "2026-01-01T00:00:00Z", "modified": "2026-01-01T00:00:00Z"}},
  {"model": "inventario.categoria", "pk": 7, "fields": {"nombre": "Medicamentos OTC", "descripcion": "Medicamentos de venta libre", "activo": true, "created": "2026-01-01T00:00:00Z", "modified": "2026-01-01T00:00:00Z"}},
  {"model": "inventario.categoria", "pk": 8, "fields": {"nombre": "Snacks y Golosinas", "descripcion": "Galletas, caramelos y snacks", "activo": true, "created": "2026-01-01T00:00:00Z", "modified": "2026-01-01T00:00:00Z"}},
  {"model": "inventario.categoria", "pk": 9, "fields": {"nombre": "Papelería", "descripcion": "Útiles de oficina y papelería", "activo": true, "created": "2026-01-01T00:00:00Z", "modified": "2026-01-01T00:00:00Z"}},
  {"model": "inventario.categoria", "pk": 10, "fields": {"nombre": "Ropa y Textil", "descripcion": "Prendas de vestir y accesorios", "activo": true, "created": "2026-01-01T00:00:00Z", "modified": "2026-01-01T00:00:00Z"}},

  {"model": "inventario.proveedor", "pk": 1, "fields": {"razon_social": "Alicorp S.A.A.", "ruc": "20100055237", "contacto": "Ventas Alicorp", "telefono": "01-315-0800", "email": "ventas@alicorp.com.pe", "direccion": "Av. Argentina 4793, Callao", "activo": true, "created": "2026-01-01T00:00:00Z", "modified": "2026-01-01T00:00:00Z"}},
  {"model": "inventario.proveedor", "pk": 2, "fields": {"razon_social": "Gloria S.A.", "ruc": "20100064571", "contacto": "Distribución Gloria", "telefono": "01-526-2000", "email": "contacto@gloria.com.pe", "direccion": "Av. República de Argentina 3591, Lima", "activo": true, "created": "2026-01-01T00:00:00Z", "modified": "2026-01-01T00:00:00Z"}},
  {"model": "inventario.proveedor", "pk": 3, "fields": {"razon_social": "Backus y Johnston S.A.A.", "ruc": "20100110661", "contacto": "Ventas Backus", "telefono": "01-315-3100", "email": "ventas@backus.com.pe", "direccion": "Av. Guillermo Dansey 641, Lima", "activo": true, "created": "2026-01-01T00:00:00Z", "modified": "2026-01-01T00:00:00Z"}},
  {"model": "inventario.proveedor", "pk": 4, "fields": {"razon_social": "Procter & Gamble Peru S.R.L.", "ruc": "20100123456", "contacto": "Ventas P&G", "telefono": "01-215-5000", "email": "ventas@pg.com", "direccion": "Av. Javier Prado Este 4200, Lima", "activo": true, "created": "2026-01-01T00:00:00Z", "modified": "2026-01-01T00:00:00Z"}},
  {"model": "inventario.proveedor", "pk": 5, "fields": {"razon_social": "Unilever Andina Peru S.A.", "ruc": "20100234567", "contacto": "Ventas Unilever", "telefono": "01-611-0000", "email": "ventas@unilever.com", "direccion": "Calle Los Negocios 490, Surquillo", "activo": true, "created": "2026-01-01T00:00:00Z", "modified": "2026-01-01T00:00:00Z"}},
  {"model": "inventario.proveedor", "pk": 6, "fields": {"razon_social": "Distribuidora Lima S.A.C.", "ruc": "20345678901", "contacto": "Juan Quispe", "telefono": "01-456-7890", "email": "dist.lima@gmail.com", "direccion": "Jr. Andahuaylas 560, La Victoria", "activo": true, "created": "2026-01-01T00:00:00Z", "modified": "2026-01-01T00:00:00Z"}},

  {"model": "inventario.almacen", "pk": 1, "fields": {"nombre": "Almacén Principal", "descripcion": "Almacén central de la empresa", "responsable": null, "activo": true, "created": "2026-01-01T00:00:00Z", "modified": "2026-01-01T00:00:00Z"}},
  {"model": "inventario.almacen", "pk": 2, "fields": {"nombre": "Almacén Secundario", "descripcion": "Almacén de productos varios", "responsable": null, "activo": true, "created": "2026-01-01T00:00:00Z", "modified": "2026-01-01T00:00:00Z"}},

  {"model": "inventario.producto", "pk": 1,   "fields": {"sku": "ABR-001", "nombre": "Arroz Costeño Extra 1kg",           "descripcion": "", "categoria": 1, "unidad_medida": 2, "proveedor": 1, "almacen": 1, "precio_compra": "3.20", "precio_venta": "4.50", "stock_actual": 150, "stock_minimo": 20, "stock_maximo": 300, "fecha_vencimiento": null, "imagen": "", "estado": "A", "created": "2026-01-01T00:00:00Z", "modified": "2026-01-01T00:00:00Z"}},
  {"model": "inventario.producto", "pk": 2,   "fields": {"sku": "ABR-002", "nombre": "Azúcar Rubia Cayaltí 1kg",          "descripcion": "", "categoria": 1, "unidad_medida": 2, "proveedor": 6, "almacen": 1, "precio_compra": "2.80", "precio_venta": "3.80", "stock_actual": 120, "stock_minimo": 20, "stock_maximo": 250, "fecha_vencimiento": null, "imagen": "", "estado": "A", "created": "2026-01-01T00:00:00Z", "modified": "2026-01-01T00:00:00Z"}},
  {"model": "inventario.producto", "pk": 3,   "fields": {"sku": "ABR-003", "nombre": "Aceite Primor 1lt",                 "descripcion": "", "categoria": 1, "unidad_medida": 3, "proveedor": 1, "almacen": 1, "precio_compra": "6.50", "precio_venta": "8.90", "stock_actual": 80,  "stock_minimo": 15, "stock_maximo": 200, "fecha_vencimiento": null, "imagen": "", "estado": "A", "created": "2026-01-01T00:00:00Z", "modified": "2026-01-01T00:00:00Z"}},
  {"model": "inventario.producto", "pk": 4,   "fields": {"sku": "ABR-004", "nombre": "Fideo Molitalia Spaguetti 500g",    "descripcion": "", "categoria": 1, "unidad_medida": 1, "proveedor": 1, "almacen": 1, "precio_compra": "2.10", "precio_venta": "2.90", "stock_actual": 200, "stock_minimo": 30, "stock_maximo": 400, "fecha_vencimiento": null, "imagen": "", "estado": "A", "created": "2026-01-01T00:00:00Z", "modified": "2026-01-01T00:00:00Z"}},
  {"model": "inventario.producto", "pk": 5,   "fields": {"sku": "ABR-005", "nombre": "Sal Marina Emsal 1kg",              "descripcion": "", "categoria": 1, "unidad_medida": 2, "proveedor": 6, "almacen": 1, "precio_compra": "0.80", "precio_venta": "1.20", "stock_actual": 100, "stock_minimo": 20, "stock_maximo": 200, "fecha_vencimiento": null, "imagen": "", "estado": "A", "created": "2026-01-01T00:00:00Z", "modified": "2026-01-01T00:00:00Z"}},
  {"model": "inventario.producto", "pk": 6,   "fields": {"sku": "ABR-006", "nombre": "Menestras Frejol Canario 500g",     "descripcion": "", "categoria": 1, "unidad_medida": 1, "proveedor": 6, "almacen": 1, "precio_compra": "3.50", "precio_venta": "5.00", "stock_actual": 60,  "stock_minimo": 10, "stock_maximo": 150, "fecha_vencimiento": null, "imagen": "", "estado": "A", "created": "2026-01-01T00:00:00Z", "modified": "2026-01-01T00:00:00Z"}},
  {"model": "inventario.producto", "pk": 7,   "fields": {"sku": "ABR-007", "nombre": "Avena Quaker 200g",                 "descripcion": "", "categoria": 1, "unidad_medida": 1, "proveedor": 1, "almacen": 1, "precio_compra": "2.20", "precio_venta": "3.20", "stock_actual": 90,  "stock_minimo": 15, "stock_maximo": 200, "fecha_vencimiento": null, "imagen": "", "estado": "A", "created": "2026-01-01T00:00:00Z", "modified": "2026-01-01T00:00:00Z"}},
  {"model": "inventario.producto", "pk": 8,   "fields": {"sku": "ABR-008", "nombre": "Harina Blanca Flor 1kg",            "descripcion": "", "categoria": 1, "unidad_medida": 2, "proveedor": 1, "almacen": 1, "precio_compra": "2.90", "precio_venta": "4.00", "stock_actual": 70,  "stock_minimo": 10, "stock_maximo": 180, "fecha_vencimiento": null, "imagen": "", "estado": "A", "created": "2026-01-01T00:00:00Z", "modified": "2026-01-01T00:00:00Z"}},
  {"model": "inventario.producto", "pk": 9,   "fields": {"sku": "ABR-009", "nombre": "Conserva Atún Florida 170g",        "descripcion": "", "categoria": 1, "unidad_medida": 1, "proveedor": 6, "almacen": 1, "precio_compra": "3.80", "precio_venta": "5.50", "stock_actual": 110, "stock_minimo": 20, "stock_maximo": 250, "fecha_vencimiento": "2027-06-01", "imagen": "", "estado": "A", "created": "2026-01-01T00:00:00Z", "modified": "2026-01-01T00:00:00Z"}},
  {"model": "inventario.producto", "pk": 10,  "fields": {"sku": "ABR-010", "nombre": "Mayonesa Alacena 500g",             "descripcion": "", "categoria": 1, "unidad_medida": 1, "proveedor": 1, "almacen": 1, "precio_compra": "5.20", "precio_venta": "7.50", "stock_actual": 55,  "stock_minimo": 10, "stock_maximo": 150, "fecha_vencimiento": "2026-12-01", "imagen": "", "estado": "A", "created": "2026-01-01T00:00:00Z", "modified": "2026-01-01T00:00:00Z"}},

  {"model": "inventario.producto", "pk": 11,  "fields": {"sku": "BEB-001", "nombre": "Inca Kola 600ml",                   "descripcion": "", "categoria": 2, "unidad_medida": 1, "proveedor": 3, "almacen": 1, "precio_compra": "1.80", "precio_venta": "2.50", "stock_actual": 200, "stock_minimo": 30, "stock_maximo": 500, "fecha_vencimiento": "2026-09-01", "imagen": "", "estado": "A", "created": "2026-01-01T00:00:00Z", "modified": "2026-01-01T00:00:00Z"}},
  {"model": "inventario.producto", "pk": 12,  "fields": {"sku": "BEB-002", "nombre": "Coca-Cola 500ml",                   "descripcion": "", "categoria": 2, "unidad_medida": 1, "proveedor": 3, "almacen": 1, "precio_compra": "1.80", "precio_venta": "2.50", "stock_actual": 180, "stock_minimo": 30, "stock_maximo": 500, "fecha_vencimiento": "2026-09-01", "imagen": "", "estado": "A", "created": "2026-01-01T00:00:00Z", "modified": "2026-01-01T00:00:00Z"}},
  {"model": "inventario.producto", "pk": 13,  "fields": {"sku": "BEB-003", "nombre": "Agua San Luis 625ml",               "descripcion": "", "categoria": 2, "unidad_medida": 1, "proveedor": 3, "almacen": 1, "precio_compra": "0.90", "precio_venta": "1.50", "stock_actual": 300, "stock_minimo": 50, "stock_maximo": 600, "fecha_vencimiento": "2027-01-01", "imagen": "", "estado": "A", "created": "2026-01-01T00:00:00Z", "modified": "2026-01-01T00:00:00Z"}},
  {"model": "inventario.producto", "pk": 14,  "fields": {"sku": "BEB-004", "nombre": "Sporade Naranja 500ml",             "descripcion": "", "categoria": 2, "unidad_medida": 1, "proveedor": 3, "almacen": 1, "precio_compra": "1.60", "precio_venta": "2.30", "stock_actual": 120, "stock_minimo": 20, "stock_maximo": 300, "fecha_vencimiento": "2026-10-01", "imagen": "", "estado": "A", "created": "2026-01-01T00:00:00Z", "modified": "2026-01-01T00:00:00Z"}},
  {"model": "inventario.producto", "pk": 15,  "fields": {"sku": "BEB-005", "nombre": "Pilsen Callao 620ml",               "descripcion": "", "categoria": 2, "unidad_medida": 1, "proveedor": 3, "almacen": 1, "precio_compra": "3.20", "precio_venta": "4.50", "stock_actual": 96,  "stock_minimo": 24, "stock_maximo": 240, "fecha_vencimiento": "2026-08-01", "imagen": "", "estado": "A", "created": "2026-01-01T00:00:00Z", "modified": "2026-01-01T00:00:00Z"}},
  {"model": "inventario.producto", "pk": 16,  "fields": {"sku": "BEB-006", "nombre": "Cristal 620ml",                     "descripcion": "", "categoria": 2, "unidad_medida": 1, "proveedor": 3, "almacen": 1, "precio_compra": "3.10", "precio_venta": "4.30", "stock_actual": 72,  "stock_minimo": 24, "stock_maximo": 240, "fecha_vencimiento": "2026-08-01", "imagen": "", "estado": "A", "created": "2026-01-01T00:00:00Z", "modified": "2026-01-01T00:00:00Z"}},
  {"model": "inventario.producto", "pk": 17,  "fields": {"sku": "BEB-007", "nombre": "Pulp Durazno 300ml",                "descripcion": "", "categoria": 2, "unidad_medida": 1, "proveedor": 3, "almacen": 1, "precio_compra": "1.40", "precio_venta": "2.00", "stock_actual": 100, "stock_minimo": 20, "stock_maximo": 250, "fecha_vencimiento": "2026-11-01", "imagen": "", "estado": "A", "created": "2026-01-01T00:00:00Z", "modified": "2026-01-01T00:00:00Z"}},
  {"model": "inventario.producto", "pk": 18,  "fields": {"sku": "BEB-008", "nombre": "Cifrut Naranja 500ml",              "descripcion": "", "categoria": 2, "unidad_medida": 1, "proveedor": 3, "almacen": 2, "precio_compra": "1.20", "precio_venta": "1.80", "stock_actual": 90,  "stock_minimo": 15, "stock_maximo": 200, "fecha_vencimiento": "2026-10-01", "imagen": "", "estado": "A", "created": "2026-01-01T00:00:00Z", "modified": "2026-01-01T00:00:00Z"}},

  {"model": "inventario.producto", "pk": 19,  "fields": {"sku": "LAC-001", "nombre": "Leche Gloria Entera 1lt",           "descripcion": "", "categoria": 3, "unidad_medida": 1, "proveedor": 2, "almacen": 1, "precio_compra": "3.80", "precio_venta": "5.20", "stock_actual": 130, "stock_minimo": 24, "stock_maximo": 300, "fecha_vencimiento": "2026-07-01", "imagen": "", "estado": "A", "created": "2026-01-01T00:00:00Z", "modified": "2026-01-01T00:00:00Z"}},
  {"model": "inventario.producto", "pk": 20,  "fields": {"sku": "LAC-002", "nombre": "Yogurt Gloria Fresa 1kg",           "descripcion": "", "categoria": 3, "unidad_medida": 1, "proveedor": 2, "almacen": 1, "precio_compra": "5.50", "precio_venta": "7.80", "stock_actual": 60,  "stock_minimo": 10, "stock_maximo": 150, "fecha_vencimiento": "2026-04-15", "imagen": "", "estado": "A", "created": "2026-01-01T00:00:00Z", "modified": "2026-01-01T00:00:00Z"}},
  {"model": "inventario.producto", "pk": 21,  "fields": {"sku": "LAC-003", "nombre": "Leche Evaporada Gloria 400g",       "descripcion": "", "categoria": 3, "unidad_medida": 1, "proveedor": 2, "almacen": 1, "precio_compra": "2.90", "precio_venta": "4.00", "stock_actual": 150, "stock_minimo": 24, "stock_maximo": 300, "fecha_vencimiento": "2027-03-01", "imagen": "", "estado": "A", "created": "2026-01-01T00:00:00Z", "modified": "2026-01-01T00:00:00Z"}},
  {"model": "inventario.producto", "pk": 22,  "fields": {"sku": "LAC-004", "nombre": "Queso Fresco La Florida 250g",      "descripcion": "", "categoria": 3, "unidad_medida": 1, "proveedor": 6, "almacen": 1, "precio_compra": "5.00", "precio_venta": "7.00", "stock_actual": 30,  "stock_minimo": 5,  "stock_maximo": 80,  "fecha_vencimiento": "2026-04-10", "imagen": "", "estado": "A", "created": "2026-01-01T00:00:00Z", "modified": "2026-01-01T00:00:00Z"}},
  {"model": "inventario.producto", "pk": 23,  "fields": {"sku": "LAC-005", "nombre": "Mantequilla Gloria 100g",           "descripcion": "", "categoria": 3, "unidad_medida": 1, "proveedor": 2, "almacen": 1, "precio_compra": "3.50", "precio_venta": "5.00", "stock_actual": 45,  "stock_minimo": 8,  "stock_maximo": 100, "fecha_vencimiento": "2026-08-01", "imagen": "", "estado": "A", "created": "2026-01-01T00:00:00Z", "modified": "2026-01-01T00:00:00Z"}},

  {"model": "inventario.producto", "pk": 24,  "fields": {"sku": "LIM-001", "nombre": "Detergente Ariel 500g",             "descripcion": "", "categoria": 4, "unidad_medida": 1, "proveedor": 4, "almacen": 2, "precio_compra": "5.80", "precio_venta": "8.50", "stock_actual": 80,  "stock_minimo": 10, "stock_maximo": 200, "fecha_vencimiento": null, "imagen": "", "estado": "A", "created": "2026-01-01T00:00:00Z", "modified": "2026-01-01T00:00:00Z"}},
  {"model": "inventario.producto", "pk": 25,  "fields": {"sku": "LIM-002", "nombre": "Lejía Clorox 900ml",                "descripcion": "", "categoria": 4, "unidad_medida": 1, "proveedor": 4, "almacen": 2, "precio_compra": "3.20", "precio_venta": "4.80", "stock_actual": 60,  "stock_minimo": 10, "stock_maximo": 150, "fecha_vencimiento": null, "imagen": "", "estado": "A", "created": "2026-01-01T00:00:00Z", "modified": "2026-01-01T00:00:00Z"}},
  {"model": "inventario.producto", "pk": 26,  "fields": {"sku": "LIM-003", "nombre": "Limpiatodo Mr. Músculo 500ml",      "descripcion": "", "categoria": 4, "unidad_medida": 1, "proveedor": 5, "almacen": 2, "precio_compra": "4.50", "precio_venta": "6.50", "stock_actual": 50,  "stock_minimo": 8,  "stock_maximo": 120, "fecha_vencimiento": null, "imagen": "", "estado": "A", "created": "2026-01-01T00:00:00Z", "modified": "2026-01-01T00:00:00Z"}},
  {"model": "inventario.producto", "pk": 27,  "fields": {"sku": "LIM-004", "nombre": "Suavizante Downy 850ml",            "descripcion": "", "categoria": 4, "unidad_medida": 1, "proveedor": 4, "almacen": 2, "precio_compra": "7.00", "precio_venta": "10.00", "stock_actual": 40,  "stock_minimo": 8,  "stock_maximo": 100, "fecha_vencimiento": null, "imagen": "", "estado": "A", "created": "2026-01-01T00:00:00Z", "modified": "2026-01-01T00:00:00Z"}},
  {"model": "inventario.producto", "pk": 28,  "fields": {"sku": "LIM-005", "nombre": "Jabón Bolívar Limón 230g",          "descripcion": "", "categoria": 4, "unidad_medida": 1, "proveedor": 1, "almacen": 2, "precio_compra": "2.00", "precio_venta": "3.00", "stock_actual": 100, "stock_minimo": 15, "stock_maximo": 250, "fecha_vencimiento": null, "imagen": "", "estado": "A", "created": "2026-01-01T00:00:00Z", "modified": "2026-01-01T00:00:00Z"}},
  {"model": "inventario.producto", "pk": 29,  "fields": {"sku": "LIM-006", "nombre": "Lavavajilla Ayudín 560g",           "descripcion": "", "categoria": 4, "unidad_medida": 1, "proveedor": 5, "almacen": 2, "precio_compra": "3.80", "precio_venta": "5.50", "stock_actual": 70,  "stock_minimo": 10, "stock_maximo": 180, "fecha_vencimiento": null, "imagen": "", "estado": "A", "created": "2026-01-01T00:00:00Z", "modified": "2026-01-01T00:00:00Z"}},
  {"model": "inventario.producto", "pk": 30,  "fields": {"sku": "LIM-007", "nombre": "Papel Higiénico Elite x4",          "descripcion": "", "categoria": 4, "unidad_medida": 5, "proveedor": 6, "almacen": 2, "precio_compra": "5.50", "precio_venta": "8.00", "stock_actual": 90,  "stock_minimo": 12, "stock_maximo": 200, "fecha_vencimiento": null, "imagen": "", "estado": "A", "created": "2026-01-01T00:00:00Z", "modified": "2026-01-01T00:00:00Z"}},

  {"model": "inventario.producto", "pk": 31,  "fields": {"sku": "HIG-001", "nombre": "Shampoo Head & Shoulders 375ml",    "descripcion": "", "categoria": 5, "unidad_medida": 1, "proveedor": 4, "almacen": 2, "precio_compra": "10.00","precio_venta": "15.00","stock_actual": 50,  "stock_minimo": 8,  "stock_maximo": 120, "fecha_vencimiento": null, "imagen": "", "estado": "A", "created": "2026-01-01T00:00:00Z", "modified": "2026-01-01T00:00:00Z"}},
  {"model": "inventario.producto", "pk": 32,  "fields": {"sku": "HIG-002", "nombre": "Jabón de Tocador Dove 90g",         "descripcion": "", "categoria": 5, "unidad_medida": 1, "proveedor": 5, "almacen": 2, "precio_compra": "2.80", "precio_venta": "4.20", "stock_actual": 80,  "stock_minimo": 12, "stock_maximo": 200, "fecha_vencimiento": null, "imagen": "", "estado": "A", "created": "2026-01-01T00:00:00Z", "modified": "2026-01-01T00:00:00Z"}},
  {"model": "inventario.producto", "pk": 33,  "fields": {"sku": "HIG-003", "nombre": "Pasta Dental Colgate 75ml",         "descripcion": "", "categoria": 5, "unidad_medida": 1, "proveedor": 4, "almacen": 2, "precio_compra": "3.50", "precio_venta": "5.20", "stock_actual": 65,  "stock_minimo": 10, "stock_maximo": 150, "fecha_vencimiento": null, "imagen": "", "estado": "A", "created": "2026-01-01T00:00:00Z", "modified": "2026-01-01T00:00:00Z"}},
  {"model": "inventario.producto", "pk": 34,  "fields": {"sku": "HIG-004", "nombre": "Desodorante Rexona 150ml",          "descripcion": "", "categoria": 5, "unidad_medida": 1, "proveedor": 5, "almacen": 2, "precio_compra": "7.50", "precio_venta": "11.00","stock_actual": 45,  "stock_minimo": 8,  "stock_maximo": 100, "fecha_vencimiento": null, "imagen": "", "estado": "A", "created": "2026-01-01T00:00:00Z", "modified": "2026-01-01T00:00:00Z"}},
  {"model": "inventario.producto", "pk": 35,  "fields": {"sku": "HIG-005", "nombre": "Papel Higiénico Suave x4",          "descripcion": "", "categoria": 5, "unidad_medida": 5, "proveedor": 6, "almacen": 2, "precio_compra": "5.00", "precio_venta": "7.50", "stock_actual": 75,  "stock_minimo": 12, "stock_maximo": 180, "fecha_vencimiento": null, "imagen": "", "estado": "A", "created": "2026-01-01T00:00:00Z", "modified": "2026-01-01T00:00:00Z"}},
  {"model": "inventario.producto", "pk": 36,  "fields": {"sku": "HIG-006", "nombre": "Cepillo Dental Oral-B Suave",       "descripcion": "", "categoria": 5, "unidad_medida": 1, "proveedor": 4, "almacen": 2, "precio_compra": "4.00", "precio_venta": "6.00", "stock_actual": 40,  "stock_minimo": 6,  "stock_maximo": 100, "fecha_vencimiento": null, "imagen": "", "estado": "A", "created": "2026-01-01T00:00:00Z", "modified": "2026-01-01T00:00:00Z"}},

  {"model": "inventario.producto", "pk": 37,  "fields": {"sku": "FER-001", "nombre": "Clavo Corriente 2\" x kg",          "descripcion": "", "categoria": 6, "unidad_medida": 2, "proveedor": 6, "almacen": 2, "precio_compra": "4.50", "precio_venta": "6.50", "stock_actual": 50,  "stock_minimo": 5,  "stock_maximo": 100, "fecha_vencimiento": null, "imagen": "", "estado": "A", "created": "2026-01-01T00:00:00Z", "modified": "2026-01-01T00:00:00Z"}},
  {"model": "inventario.producto", "pk": 38,  "fields": {"sku": "FER-002", "nombre": "Cinta Aislante 3M 18mm",            "descripcion": "", "categoria": 6, "unidad_medida": 1, "proveedor": 6, "almacen": 2, "precio_compra": "2.50", "precio_venta": "4.00", "stock_actual": 60,  "stock_minimo": 10, "stock_maximo": 150, "fecha_vencimiento": null, "imagen": "", "estado": "A", "created": "2026-01-01T00:00:00Z", "modified": "2026-01-01T00:00:00Z"}},
  {"model": "inventario.producto", "pk": 39,  "fields": {"sku": "FER-003", "nombre": "Foco LED 9W E27",                   "descripcion": "", "categoria": 6, "unidad_medida": 1, "proveedor": 6, "almacen": 2, "precio_compra": "5.00", "precio_venta": "8.00", "stock_actual": 80,  "stock_minimo": 10, "stock_maximo": 200, "fecha_vencimiento": null, "imagen": "", "estado": "A", "created": "2026-01-01T00:00:00Z", "modified": "2026-01-01T00:00:00Z"}},
  {"model": "inventario.producto", "pk": 40,  "fields": {"sku": "FER-004", "nombre": "Silicona en Barra x12",             "descripcion": "", "categoria": 6, "unidad_medida": 5, "proveedor": 6, "almacen": 2, "precio_compra": "4.00", "precio_venta": "6.50", "stock_actual": 30,  "stock_minimo": 5,  "stock_maximo": 80,  "fecha_vencimiento": null, "imagen": "", "estado": "A", "created": "2026-01-01T00:00:00Z", "modified": "2026-01-01T00:00:00Z"}},
  {"model": "inventario.producto", "pk": 41,  "fields": {"sku": "FER-005", "nombre": "Lija al Agua N°100",                "descripcion": "", "categoria": 6, "unidad_medida": 1, "proveedor": 6, "almacen": 2, "precio_compra": "1.00", "precio_venta": "1.80", "stock_actual": 100, "stock_minimo": 15, "stock_maximo": 250, "fecha_vencimiento": null, "imagen": "", "estado": "A", "created": "2026-01-01T00:00:00Z", "modified": "2026-01-01T00:00:00Z"}},
  {"model": "inventario.producto", "pk": 42,  "fields": {"sku": "FER-006", "nombre": "Tomacorriente Doble Bticino",       "descripcion": "", "categoria": 6, "unidad_medida": 1, "proveedor": 6, "almacen": 2, "precio_compra": "6.00", "precio_venta": "9.50", "stock_actual": 35,  "stock_minimo": 5,  "stock_maximo": 80,  "fecha_vencimiento": null, "imagen": "", "estado": "A", "created": "2026-01-01T00:00:00Z", "modified": "2026-01-01T00:00:00Z"}},
  {"model": "inventario.producto", "pk": 43,  "fields": {"sku": "FER-007", "nombre": "Pintura Látex Blanco 1 gal",        "descripcion": "", "categoria": 6, "unidad_medida": 1, "proveedor": 6, "almacen": 2, "precio_compra": "22.00","precio_venta": "32.00","stock_actual": 20,  "stock_minimo": 3,  "stock_maximo": 50,  "fecha_vencimiento": null, "imagen": "", "estado": "A", "created": "2026-01-01T00:00:00Z", "modified": "2026-01-01T00:00:00Z"}},
  {"model": "inventario.producto", "pk": 44,  "fields": {"sku": "FER-008", "nombre": "Candado Forte 40mm",                "descripcion": "", "categoria": 6, "unidad_medida": 1, "proveedor": 6, "almacen": 2, "precio_compra": "8.00", "precio_venta": "13.00","stock_actual": 25,  "stock_minimo": 4,  "stock_maximo": 60,  "fecha_vencimiento": null, "imagen": "", "estado": "A", "created": "2026-01-01T00:00:00Z", "modified": "2026-01-01T00:00:00Z"}},

  {"model": "inventario.producto", "pk": 45,  "fields": {"sku": "MED-001", "nombre": "Paracetamol 500mg x10",             "descripcion": "", "categoria": 7, "unidad_medida": 5, "proveedor": 6, "almacen": 1, "precio_compra": "0.80", "precio_venta": "1.50", "stock_actual": 200, "stock_minimo": 30, "stock_maximo": 500, "fecha_vencimiento": "2027-06-01", "imagen": "", "estado": "A", "created": "2026-01-01T00:00:00Z", "modified": "2026-01-01T00:00:00Z"}},
  {"model": "inventario.producto", "pk": 46,  "fields": {"sku": "MED-002", "nombre": "Ibuprofeno 400mg x10",              "descripcion": "", "categoria": 7, "unidad_medida": 5, "proveedor": 6, "almacen": 1, "precio_compra": "1.20", "precio_venta": "2.20", "stock_actual": 150, "stock_minimo": 20, "stock_maximo": 400, "fecha_vencimiento": "2027-05-01", "imagen": "", "estado": "A", "created": "2026-01-01T00:00:00Z", "modified": "2026-01-01T00:00:00Z"}},
  {"model": "inventario.producto", "pk": 47,  "fields": {"sku": "MED-003", "nombre": "Agua Oxigenada 120ml",              "descripcion": "", "categoria": 7, "unidad_medida": 1, "proveedor": 6, "almacen": 1, "precio_compra": "1.50", "precio_venta": "2.50", "stock_actual": 80,  "stock_minimo": 10, "stock_maximo": 200, "fecha_vencimiento": "2027-01-01", "imagen": "", "estado": "A", "created": "2026-01-01T00:00:00Z", "modified": "2026-01-01T00:00:00Z"}},
  {"model": "inventario.producto", "pk": 48,  "fields": {"sku": "MED-004", "nombre": "Alcohol 70° 120ml",                 "descripcion": "", "categoria": 7, "unidad_medida": 1, "proveedor": 6, "almacen": 1, "precio_compra": "1.80", "precio_venta": "3.00", "stock_actual": 100, "stock_minimo": 15, "stock_maximo": 250, "fecha_vencimiento": "2027-01-01", "imagen": "", "estado": "A", "created": "2026-01-01T00:00:00Z", "modified": "2026-01-01T00:00:00Z"}},
  {"model": "inventario.producto", "pk": 49,  "fields": {"sku": "MED-005", "nombre": "Vitamina C 1g x10",                 "descripcion": "", "categoria": 7, "unidad_medida": 5, "proveedor": 6, "almacen": 1, "precio_compra": "1.50", "precio_venta": "2.80", "stock_actual": 120, "stock_minimo": 20, "stock_maximo": 300, "fecha_vencimiento": "2027-04-01", "imagen": "", "estado": "A", "created": "2026-01-01T00:00:00Z", "modified": "2026-01-01T00:00:00Z"}},
  {"model": "inventario.producto", "pk": 50,  "fields": {"sku": "MED-006", "nombre": "Omeprazol 20mg x10",                "descripcion": "", "categoria": 7, "unidad_medida": 5, "proveedor": 6, "almacen": 1, "precio_compra": "1.80", "precio_venta": "3.20", "stock_actual": 90,  "stock_minimo": 15, "stock_maximo": 200, "fecha_vencimiento": "2027-03-01", "imagen": "", "estado": "A", "created": "2026-01-01T00:00:00Z", "modified": "2026-01-01T00:00:00Z"}},

  {"model": "inventario.producto", "pk": 51,  "fields": {"sku": "SNA-001", "nombre": "Galleta Oreo 36g",                  "descripcion": "", "categoria": 8, "unidad_medida": 1, "proveedor": 1, "almacen": 1, "precio_compra": "1.00", "precio_venta": "1.50", "stock_actual": 200, "stock_minimo": 24, "stock_maximo": 500, "fecha_vencimiento": "2026-10-01", "imagen": "", "estado": "A", "created": "2026-01-01T00:00:00Z", "modified": "2026-01-01T00:00:00Z"}},
  {"model": "inventario.producto", "pk": 52,  "fields": {"sku": "SNA-002", "nombre": "Chifles de Sal 80g",                "descripcion": "", "categoria": 8, "unidad_medida": 1, "proveedor": 6, "almacen": 1, "precio_compra": "1.20", "precio_venta": "2.00", "stock_actual": 150, "stock_minimo": 20, "stock_maximo": 400, "fecha_vencimiento": "2026-09-01", "imagen": "", "estado": "A", "created": "2026-01-01T00:00:00Z", "modified": "2026-01-01T00:00:00Z"}},
  {"model": "inventario.producto", "pk": 53,  "fields": {"sku": "SNA-003", "nombre": "Galleta Vainilla Field 43g",        "descripcion": "", "categoria": 8, "unidad_medida": 1, "proveedor": 1, "almacen": 1, "precio_compra": "0.80", "precio_venta": "1.30", "stock_actual": 180, "stock_minimo": 24, "stock_maximo": 450, "fecha_vencimiento": "2026-10-01", "imagen": "", "estado": "A", "created": "2026-01-01T00:00:00Z", "modified": "2026-01-01T00:00:00Z"}},
  {"model": "inventario.producto", "pk": 54,  "fields": {"sku": "SNA-004", "nombre": "Chocolate Sublime 32g",             "descripcion": "", "categoria": 8, "unidad_medida": 1, "proveedor": 1, "almacen": 1, "precio_compra": "1.20", "precio_venta": "1.80", "stock_actual": 120, "stock_minimo": 24, "stock_maximo": 300, "fecha_vencimiento": "2026-11-01", "imagen": "", "estado": "A", "created": "2026-01-01T00:00:00Z", "modified": "2026-01-01T00:00:00Z"}},
  {"model": "inventario.producto", "pk": 55,  "fields": {"sku": "SNA-005", "nombre": "Papas Lays Clásica 42g",            "descripcion": "", "categoria": 8, "unidad_medida": 1, "proveedor": 1, "almacen": 1, "precio_compra": "1.50", "precio_venta": "2.20", "stock_actual": 100, "stock_minimo": 20, "stock_maximo": 250, "fecha_vencimiento": "2026-08-01", "imagen": "", "estado": "A", "created": "2026-01-01T00:00:00Z", "modified": "2026-01-01T00:00:00Z"}},
  {"model": "inventario.producto", "pk": 56,  "fields": {"sku": "SNA-006", "nombre": "Caramelo Halls Menta x10",          "descripcion": "", "categoria": 8, "unidad_medida": 5, "proveedor": 6, "almacen": 1, "precio_compra": "0.60", "precio_venta": "1.00", "stock_actual": 300, "stock_minimo": 50, "stock_maximo": 700, "fecha_vencimiento": "2027-01-01", "imagen": "", "estado": "A", "created": "2026-01-01T00:00:00Z", "modified": "2026-01-01T00:00:00Z"}},
  {"model": "inventario.producto", "pk": 57,  "fields": {"sku": "SNA-007", "nombre": "Galleta Soda Victoria 6und",        "descripcion": "", "categoria": 8, "unidad_medida": 5, "proveedor": 1, "almacen": 1, "precio_compra": "1.80", "precio_venta": "2.80", "stock_actual": 140, "stock_minimo": 20, "stock_maximo": 350, "fecha_vencimiento": "2026-12-01", "imagen": "", "estado": "A", "created": "2026-01-01T00:00:00Z", "modified": "2026-01-01T00:00:00Z"}},
  {"model": "inventario.producto", "pk": 58,  "fields": {"sku": "SNA-008", "nombre": "Maní con Pasas 100g",               "descripcion": "", "categoria": 8, "unidad_medida": 1, "proveedor": 6, "almacen": 1, "precio_compra": "1.50", "precio_venta": "2.50", "stock_actual": 80,  "stock_minimo": 12, "stock_maximo": 200, "fecha_vencimiento": "2026-09-01", "imagen": "", "estado": "A", "created": "2026-01-01T00:00:00Z", "modified": "2026-01-01T00:00:00Z"}},

  {"model": "inventario.producto", "pk": 59,  "fields": {"sku": "PAP-001", "nombre": "Cuaderno Universitario 100 hj",     "descripcion": "", "categoria": 9, "unidad_medida": 1, "proveedor": 6, "almacen": 2, "precio_compra": "3.50", "precio_venta": "5.50", "stock_actual": 80,  "stock_minimo": 10, "stock_maximo": 200, "fecha_vencimiento": null, "imagen": "", "estado": "A", "created": "2026-01-01T00:00:00Z", "modified": "2026-01-01T00:00:00Z"}},
  {"model": "inventario.producto", "pk": 60,  "fields": {"sku": "PAP-002", "nombre": "Lapicero Pilot Azul",               "descripcion": "", "categoria": 9, "unidad_medida": 1, "proveedor": 6, "almacen": 2, "precio_compra": "0.80", "precio_venta": "1.50", "stock_actual": 200, "stock_minimo": 20, "stock_maximo": 500, "fecha_vencimiento": null, "imagen": "", "estado": "A", "created": "2026-01-01T00:00:00Z", "modified": "2026-01-01T00:00:00Z"}},
  {"model": "inventario.producto", "pk": 61,  "fields": {"sku": "PAP-003", "nombre": "Resma A4 75g 500 hj",               "descripcion": "", "categoria": 9, "unidad_medida": 1, "proveedor": 6, "almacen": 2, "precio_compra": "12.00","precio_venta": "18.00","stock_actual": 40,  "stock_minimo": 5,  "stock_maximo": 100, "fecha_vencimiento": null, "imagen": "", "estado": "A", "created": "2026-01-01T00:00:00Z", "modified": "2026-01-01T00:00:00Z"}},
  {"model": "inventario.producto", "pk": 62,  "fields": {"sku": "PAP-004", "nombre": "Corrector Líquido Faber-Castell",   "descripcion": "", "categoria": 9, "unidad_medida": 1, "proveedor": 6, "almacen": 2, "precio_compra": "1.50", "precio_venta": "2.50", "stock_actual": 60,  "stock_minimo": 8,  "stock_maximo": 150, "fecha_vencimiento": null, "imagen": "", "estado": "A", "created": "2026-01-01T00:00:00Z", "modified": "2026-01-01T00:00:00Z"}},
  {"model": "inventario.producto", "pk": 63,  "fields": {"sku": "PAP-005", "nombre": "Engrapador Rapid 20 hj",            "descripcion": "", "categoria": 9, "unidad_medida": 1, "proveedor": 6, "almacen": 2, "precio_compra": "8.00", "precio_venta": "13.00","stock_actual": 20,  "stock_minimo": 3,  "stock_maximo": 50,  "fecha_vencimiento": null, "imagen": "", "estado": "A", "created": "2026-01-01T00:00:00Z", "modified": "2026-01-01T00:00:00Z"}},
  {"model": "inventario.producto", "pk": 64,  "fields": {"sku": "PAP-006", "nombre": "Tijera Maped 21cm",                 "descripcion": "", "categoria": 9, "unidad_medida": 1, "proveedor": 6, "almacen": 2, "precio_compra": "3.00", "precio_venta": "5.00", "stock_actual": 30,  "stock_minimo": 5,  "stock_maximo": 80,  "fecha_vencimiento": null, "imagen": "", "estado": "A", "created": "2026-01-01T00:00:00Z", "modified": "2026-01-01T00:00:00Z"}},
  {"model": "inventario.producto", "pk": 65,  "fields": {"sku": "PAP-007", "nombre": "Folder Manila A4 x25",              "descripcion": "", "categoria": 9, "unidad_medida": 5, "proveedor": 6, "almacen": 2, "precio_compra": "5.00", "precio_venta": "8.00", "stock_actual": 50,  "stock_minimo": 6,  "stock_maximo": 120, "fecha_vencimiento": null, "imagen": "", "estado": "A", "created": "2026-01-01T00:00:00Z", "modified": "2026-01-01T00:00:00Z"}},

  {"model": "inventario.producto", "pk": 66,  "fields": {"sku": "ROT-001", "nombre": "Polo Básico Algodón Talla M",       "descripcion": "", "categoria": 10, "unidad_medida": 1, "proveedor": 6, "almacen": 2, "precio_compra": "12.00","precio_venta": "22.00","stock_actual": 30,  "stock_minimo": 5,  "stock_maximo": 80,  "fecha_vencimiento": null, "imagen": "", "estado": "A", "created": "2026-01-01T00:00:00Z", "modified": "2026-01-01T00:00:00Z"}},
  {"model": "inventario.producto", "pk": 67,  "fields": {"sku": "ROT-002", "nombre": "Polo Básico Algodón Talla L",       "descripcion": "", "categoria": 10, "unidad_medida": 1, "proveedor": 6, "almacen": 2, "precio_compra": "12.00","precio_venta": "22.00","stock_actual": 25,  "stock_minimo": 5,  "stock_maximo": 80,  "fecha_vencimiento": null, "imagen": "", "estado": "A", "created": "2026-01-01T00:00:00Z", "modified": "2026-01-01T00:00:00Z"}},
  {"model": "inventario.producto", "pk": 68,  "fields": {"sku": "ROT-003", "nombre": "Calcetines Algodón x3 pares",       "descripcion": "", "categoria": 10, "unidad_medida": 5, "proveedor": 6, "almacen": 2, "precio_compra": "5.00", "precio_venta": "9.00", "stock_actual": 40,  "stock_minimo": 6,  "stock_maximo": 100, "fecha_vencimiento": null, "imagen": "", "estado": "A", "created": "2026-01-01T00:00:00Z", "modified": "2026-01-01T00:00:00Z"}},
  {"model": "inventario.producto", "pk": 69,  "fields": {"sku": "ROT-004", "nombre": "Gorra de Tela Llana",               "descripcion": "", "categoria": 10, "unidad_medida": 1, "proveedor": 6, "almacen": 2, "precio_compra": "8.00", "precio_venta": "15.00","stock_actual": 20,  "stock_minimo": 4,  "stock_maximo": 60,  "fecha_vencimiento": null, "imagen": "", "estado": "A", "created": "2026-01-01T00:00:00Z", "modified": "2026-01-01T00:00:00Z"}},
  {"model": "inventario.producto", "pk": 70,  "fields": {"sku": "ROT-005", "nombre": "Camiseta Deportiva Talla S",        "descripcion": "", "categoria": 10, "unidad_medida": 1, "proveedor": 6, "almacen": 2, "precio_compra": "15.00","precio_venta": "28.00","stock_actual": 15,  "stock_minimo": 3,  "stock_maximo": 50,  "fecha_vencimiento": null, "imagen": "", "estado": "A", "created": "2026-01-01T00:00:00Z", "modified": "2026-01-01T00:00:00Z"}},

  {"model": "inventario.producto", "pk": 71,  "fields": {"sku": "ABR-011", "nombre": "Café Altomayo Clásico 190g",        "descripcion": "", "categoria": 1, "unidad_medida": 1, "proveedor": 6, "almacen": 1, "precio_compra": "8.50", "precio_venta": "12.50","stock_actual": 55,  "stock_minimo": 8,  "stock_maximo": 150, "fecha_vencimiento": "2027-02-01", "imagen": "", "estado": "A", "created": "2026-01-01T00:00:00Z", "modified": "2026-01-01T00:00:00Z"}},
  {"model": "inventario.producto", "pk": 72,  "fields": {"sku": "ABR-012", "nombre": "Sopa Maggi Tomate x6",              "descripcion": "", "categoria": 1, "unidad_medida": 5, "proveedor": 5, "almacen": 1, "precio_compra": "3.00", "precio_venta": "4.50", "stock_actual": 100, "stock_minimo": 12, "stock_maximo": 250, "fecha_vencimiento": "2027-01-01", "imagen": "", "estado": "A", "created": "2026-01-01T00:00:00Z", "modified": "2026-01-01T00:00:00Z"}},
  {"model": "inventario.producto", "pk": 73,  "fields": {"sku": "ABR-013", "nombre": "Mermelada Fanny Fresa 300g",        "descripcion": "", "categoria": 1, "unidad_medida": 1, "proveedor": 1, "almacen": 1, "precio_compra": "4.00", "precio_venta": "6.00", "stock_actual": 65,  "stock_minimo": 10, "stock_maximo": 150, "fecha_vencimiento": "2026-12-01", "imagen": "", "estado": "A", "created": "2026-01-01T00:00:00Z", "modified": "2026-01-01T00:00:00Z"}},
  {"model": "inventario.producto", "pk": 74,  "fields": {"sku": "ABR-014", "nombre": "Manteca Famosa 500g",               "descripcion": "", "categoria": 1, "unidad_medida": 1, "proveedor": 1, "almacen": 1, "precio_compra": "4.50", "precio_venta": "6.50", "stock_actual": 70,  "stock_minimo": 10, "stock_maximo": "180", "fecha_vencimiento": "2026-11-01", "imagen": "", "estado": "A", "created": "2026-01-01T00:00:00Z", "modified": "2026-01-01T00:00:00Z"}},
  {"model": "inventario.producto", "pk": 75,  "fields": {"sku": "ABR-015", "nombre": "Galleta Soda Field x6",             "descripcion": "", "categoria": 1, "unidad_medida": 5, "proveedor": 1, "almacen": 1, "precio_compra": "2.00", "precio_venta": "3.20", "stock_actual": 120, "stock_minimo": 18, "stock_maximo": 300, "fecha_vencimiento": "2026-10-01", "imagen": "", "estado": "A", "created": "2026-01-01T00:00:00Z", "modified": "2026-01-01T00:00:00Z"}},
  {"model": "inventario.producto", "pk": 76,  "fields": {"sku": "ABR-016", "nombre": "Vinagre Blanco Capitan 500ml",      "descripcion": "", "categoria": 1, "unidad_medida": 1, "proveedor": 6, "almacen": 1, "precio_compra": "2.00", "precio_venta": "3.20", "stock_actual": 50,  "stock_minimo": 8,  "stock_maximo": 120, "fecha_vencimiento": null, "imagen": "", "estado": "A", "created": "2026-01-01T00:00:00Z", "modified": "2026-01-01T00:00:00Z"}},
  {"model": "inventario.producto", "pk": 77,  "fields": {"sku": "ABR-017", "nombre": "Salsa de Tomate A1 400g",           "descripcion": "", "categoria": 1, "unidad_medida": 1, "proveedor": 6, "almacen": 1, "precio_compra": "3.00", "precio_venta": "4.80", "stock_actual": 60,  "stock_minimo": 8,  "stock_maximo": 150, "fecha_vencimiento": "2027-03-01", "imagen": "", "estado": "A", "created": "2026-01-01T00:00:00Z", "modified": "2026-01-01T00:00:00Z"}},
  {"model": "inventario.producto", "pk": 78,  "fields": {"sku": "ABR-018", "nombre": "Maíz Cancha x500g",                 "descripcion": "", "categoria": 1, "unidad_medida": 1, "proveedor": 6, "almacen": 1, "precio_compra": "2.50", "precio_venta": "3.80", "stock_actual": 80,  "stock_minimo": 10, "stock_maximo": 200, "fecha_vencimiento": null, "imagen": "", "estado": "A", "created": "2026-01-01T00:00:00Z", "modified": "2026-01-01T00:00:00Z"}},
  {"model": "inventario.producto", "pk": 79,  "fields": {"sku": "BEB-009", "nombre": "Té Herbal Mc Colins x25",           "descripcion": "", "categoria": 2, "unidad_medida": 5, "proveedor": 6, "almacen": 1, "precio_compra": "3.50", "precio_venta": "5.50", "stock_actual": 90,  "stock_minimo": 12, "stock_maximo": 200, "fecha_vencimiento": "2027-06-01", "imagen": "", "estado": "A", "created": "2026-01-01T00:00:00Z", "modified": "2026-01-01T00:00:00Z"}},
  {"model": "inventario.producto", "pk": 80,  "fields": {"sku": "BEB-010", "nombre": "Néctar Frugos Durazno 235ml",       "descripcion": "", "categoria": 2, "unidad_medida": 1, "proveedor": 3, "almacen": 1, "precio_compra": "1.20", "precio_venta": "1.80", "stock_actual": 150, "stock_minimo": 24, "stock_maximo": 400, "fecha_vencimiento": "2026-10-01", "imagen": "", "estado": "A", "created": "2026-01-01T00:00:00Z", "modified": "2026-01-01T00:00:00Z"}},
  {"model": "inventario.producto", "pk": 81,  "fields": {"sku": "LIM-008", "nombre": "Desinfectante Dettol 900ml",        "descripcion": "", "categoria": 4, "unidad_medida": 1, "proveedor": 5, "almacen": 2, "precio_compra": "8.00", "precio_venta": "12.00","stock_actual": 40,  "stock_minimo": 6,  "stock_maximo": 100, "fecha_vencimiento": null, "imagen": "", "estado": "A", "created": "2026-01-01T00:00:00Z", "modified": "2026-01-01T00:00:00Z"}},
  {"model": "inventario.producto", "pk": 82,  "fields": {"sku": "LIM-009", "nombre": "Esponja de Acero x3",               "descripcion": "", "categoria": 4, "unidad_medida": 5, "proveedor": 6, "almacen": 2, "precio_compra": "1.50", "precio_venta": "2.50", "stock_actual": 80,  "stock_minimo": 10, "stock_maximo": 200, "fecha_vencimiento": null, "imagen": "", "estado": "A", "created": "2026-01-01T00:00:00Z", "modified": "2026-01-01T00:00:00Z"}},
  {"model": "inventario.producto", "pk": 83,  "fields": {"sku": "HIG-007", "nombre": "Acondicionador Pantene 400ml",      "descripcion": "", "categoria": 5, "unidad_medida": 1, "proveedor": 4, "almacen": 2, "precio_compra": "9.00", "precio_venta": "14.00","stock_actual": 35,  "stock_minimo": 5,  "stock_maximo": 90,  "fecha_vencimiento": null, "imagen": "", "estado": "A", "created": "2026-01-01T00:00:00Z", "modified": "2026-01-01T00:00:00Z"}},
  {"model": "inventario.producto", "pk": 84,  "fields": {"sku": "HIG-008", "nombre": "Toalla Higénica Always x8",         "descripcion": "", "categoria": 5, "unidad_medida": 5, "proveedor": 4, "almacen": 2, "precio_compra": "5.50", "precio_venta": "8.50", "stock_actual": 60,  "stock_minimo": 8,  "stock_maximo": 150, "fecha_vencimiento": null, "imagen": "", "estado": "A", "created": "2026-01-01T00:00:00Z", "modified": "2026-01-01T00:00:00Z"}},
  {"model": "inventario.producto", "pk": 85,  "fields": {"sku": "FER-009", "nombre": "Tornillo Autorroscante 1\" x100",   "descripcion": "", "categoria": 6, "unidad_medida": 5, "proveedor": 6, "almacen": 2, "precio_compra": "3.00", "precio_venta": "5.00", "stock_actual": 50,  "stock_minimo": 5,  "stock_maximo": 120, "fecha_vencimiento": null, "imagen": "", "estado": "A", "created": "2026-01-01T00:00:00Z", "modified": "2026-01-01T00:00:00Z"}},
  {"model": "inventario.producto", "pk": 86,  "fields": {"sku": "FER-010", "nombre": "Cinta Masking Tape 18mm",           "descripcion": "", "categoria": 6, "unidad_medida": 1, "proveedor": 6, "almacen": 2, "precio_compra": "1.80", "precio_venta": "3.00", "stock_actual": 70,  "stock_minimo": 8,  "stock_maximo": 180, "fecha_vencimiento": null, "imagen": "", "estado": "A", "created": "2026-01-01T00:00:00Z", "modified": "2026-01-01T00:00:00Z"}},
  {"model": "inventario.producto", "pk": 87,  "fields": {"sku": "MED-007", "nombre": "Complejo B x30",                    "descripcion": "", "categoria": 7, "unidad_medida": 5, "proveedor": 6, "almacen": 1, "precio_compra": "3.50", "precio_venta": "6.00", "stock_actual": 70,  "stock_minimo": 10, "stock_maximo": 180, "fecha_vencimiento": "2027-05-01", "imagen": "", "estado": "A", "created": "2026-01-01T00:00:00Z", "modified": "2026-01-01T00:00:00Z"}},
  {"model": "inventario.producto", "pk": 88,  "fields": {"sku": "MED-008", "nombre": "Antigripal NF x10",                 "descripcion": "", "categoria": 7, "unidad_medida": 5, "proveedor": 6, "almacen": 1, "precio_compra": "2.00", "precio_venta": "3.50", "stock_actual": 80,  "stock_minimo": 12, "stock_maximo": 200, "fecha_vencimiento": "2027-04-01", "imagen": "", "estado": "A", "created": "2026-01-01T00:00:00Z", "modified": "2026-01-01T00:00:00Z"}},
  {"model": "inventario.producto", "pk": 89,  "fields": {"sku": "SNA-009", "nombre": "Canchita Microondas Jolly Pop",     "descripcion": "", "categoria": 8, "unidad_medida": 1, "proveedor": 6, "almacen": 1, "precio_compra": "2.50", "precio_venta": "3.80", "stock_actual": 90,  "stock_minimo": 12, "stock_maximo": 220, "fecha_vencimiento": "2026-11-01", "imagen": "", "estado": "A", "created": "2026-01-01T00:00:00Z", "modified": "2026-01-01T00:00:00Z"}},
  {"model": "inventario.producto", "pk": 90,  "fields": {"sku": "SNA-010", "nombre": "Chicle Dentyne Ice x12",            "descripcion": "", "categoria": 8, "unidad_medida": 5, "proveedor": 6, "almacen": 1, "precio_compra": "1.00", "precio_venta": "1.80", "stock_actual": 200, "stock_minimo": 30, "stock_maximo": 500, "fecha_vencimiento": "2026-12-01", "imagen": "", "estado": "A", "created": "2026-01-01T00:00:00Z", "modified": "2026-01-01T00:00:00Z"}},
  {"model": "inventario.producto", "pk": 91,  "fields": {"sku": "PAP-008", "nombre": "Marcador Indeleble Faber Negro",    "descripcion": "", "categoria": 9, "unidad_medida": 1, "proveedor": 6, "almacen": 2, "precio_compra": "1.50", "precio_venta": "2.80", "stock_actual": 60,  "stock_minimo": 8,  "stock_maximo": 150, "fecha_vencimiento": null, "imagen": "", "estado": "A", "created": "2026-01-01T00:00:00Z", "modified": "2026-01-01T00:00:00Z"}},
  {"model": "inventario.producto", "pk": 92,  "fields": {"sku": "PAP-009", "nombre": "Post-it 3M 76x76mm x100",           "descripcion": "", "categoria": 9, "unidad_medida": 1, "proveedor": 6, "almacen": 2, "precio_compra": "5.00", "precio_venta": "8.50", "stock_actual": 30,  "stock_minimo": 4,  "stock_maximo": 80,  "fecha_vencimiento": null, "imagen": "", "estado": "A", "created": "2026-01-01T00:00:00Z", "modified": "2026-01-01T00:00:00Z"}},
  {"model": "inventario.producto", "pk": 93,  "fields": {"sku": "ROT-006", "nombre": "Polo Manga Larga Talla M",          "descripcion": "", "categoria": 10, "unidad_medida": 1, "proveedor": 6, "almacen": 2, "precio_compra": "16.00","precio_venta": "29.00","stock_actual": 18,  "stock_minimo": 3,  "stock_maximo": 50,  "fecha_vencimiento": null, "imagen": "", "estado": "A", "created": "2026-01-01T00:00:00Z", "modified": "2026-01-01T00:00:00Z"}},
  {"model": "inventario.producto", "pk": 94,  "fields": {"sku": "ABR-019", "nombre": "Ketchup Heinz 300g",                "descripcion": "", "categoria": 1, "unidad_medida": 1, "proveedor": 5, "almacen": 1, "precio_compra": "5.50", "precio_venta": "8.00", "stock_actual": 45,  "stock_minimo": 6,  "stock_maximo": 120, "fecha_vencimiento": "2027-02-01", "imagen": "", "estado": "A", "created": "2026-01-01T00:00:00Z", "modified": "2026-01-01T00:00:00Z"}},
  {"model": "inventario.producto", "pk": 95,  "fields": {"sku": "ABR-020", "nombre": "Mostaza Heinz 300g",                "descripcion": "", "categoria": 1, "unidad_medida": 1, "proveedor": 5, "almacen": 1, "precio_compra": "5.00", "precio_venta": "7.50", "stock_actual": 40,  "stock_minimo": 6,  "stock_maximo": 100, "fecha_vencimiento": "2027-02-01", "imagen": "", "estado": "A", "created": "2026-01-01T00:00:00Z", "modified": "2026-01-01T00:00:00Z"}},
  {"model": "inventario.producto", "pk": 96,  "fields": {"sku": "BEB-011", "nombre": "Gatorade Azul 500ml",               "descripcion": "", "categoria": 2, "unidad_medida": 1, "proveedor": 3, "almacen": 1, "precio_compra": "2.50", "precio_venta": "3.80", "stock_actual": 80,  "stock_minimo": 12, "stock_maximo": 200, "fecha_vencimiento": "2026-11-01", "imagen": "", "estado": "A", "created": "2026-01-01T00:00:00Z", "modified": "2026-01-01T00:00:00Z"}},
  {"model": "inventario.producto", "pk": 97,  "fields": {"sku": "LAC-006", "nombre": "Yogurt Laive Vainilla 125g",        "descripcion": "", "categoria": 3, "unidad_medida": 1, "proveedor": 6, "almacen": 1, "precio_compra": "1.80", "precio_venta": "2.80", "stock_actual": 50,  "stock_minimo": 8,  "stock_maximo": 120, "fecha_vencimiento": "2026-04-20", "imagen": "", "estado": "A", "created": "2026-01-01T00:00:00Z", "modified": "2026-01-01T00:00:00Z"}},
  {"model": "inventario.producto", "pk": 98,  "fields": {"sku": "FER-011", "nombre": "Pegamento UHU 21g",                 "descripcion": "", "categoria": 6, "unidad_medida": 1, "proveedor": 6, "almacen": 2, "precio_compra": "3.00", "precio_venta": "5.00", "stock_actual": 40,  "stock_minimo": 5,  "stock_maximo": 100, "fecha_vencimiento": null, "imagen": "", "estado": "A", "created": "2026-01-01T00:00:00Z", "modified": "2026-01-01T00:00:00Z"}},
  {"model": "inventario.producto", "pk": 99,  "fields": {"sku": "MED-009", "nombre": "Loratadina 10mg x10",               "descripcion": "", "categoria": 7, "unidad_medida": 5, "proveedor": 6, "almacen": 1, "precio_compra": "2.20", "precio_venta": "4.00", "stock_actual": 60,  "stock_minimo": 10, "stock_maximo": 150, "fecha_vencimiento": "2027-06-01", "imagen": "", "estado": "A", "created": "2026-01-01T00:00:00Z", "modified": "2026-01-01T00:00:00Z"}},
  {"model": "inventario.producto", "pk": 100, "fields": {"sku": "SNA-011", "nombre": "Turrón Doña Pepa 110g",             "descripcion": "", "categoria": 8, "unidad_medida": 1, "proveedor": 1, "almacen": 1, "precio_compra": "2.80", "precio_venta": "4.50", "stock_actual": 70,  "stock_minimo": 10, "stock_maximo": "180", "fecha_vencimiento": "2026-10-01", "imagen": "", "estado": "A", "created": "2026-01-01T00:00:00Z", "modified": "2026-01-01T00:00:00Z"}}
]
